{"cameraMode":{"drawMode":0,"name":"Shaded","section":"Shading Mode"},"sceneLighting":true,"audioPlay":false,"sceneViewState":{"m_AlwaysRefresh":false,"showFog":true,"showSkybox":true,"showFlares":true,"showImageEffects":true,"showParticleSystems":true,"showVisualEffectGraphs":true,"m_FxEnabled":true},"in2DMode":false,"pivot":{"x":17.313173294067384,"y":7.340254306793213,"z":1.1308046579360963},"rotation":{"x":0.13259723782539369,"y":-0.7098322510719299,"z":0.13888052105903626,"w":0.677732527256012},"size":0.0025780668947845699,"orthographic":false}