{"cameraMode":{"drawMode":0,"name":"Shaded","section":"Shading Mode"},"sceneLighting":false,"audioPlay":false,"sceneViewState":{"m_AlwaysRefresh":false,"showFog":true,"showSkybox":false,"showFlares":true,"showImageEffects":true,"showParticleSystems":true,"showVisualEffectGraphs":true,"m_FxEnabled":true},"in2DMode":false,"pivot":{"x":0.09930133819580078,"y":0.060974400490522388,"z":0.16112899780273438},"rotation":{"x":0.13294066488742829,"y":-0.7334579825401306,"z":0.15015143156051637,"w":0.6495150923728943},"size":3.3187050819396974,"orthographic":false}